,count,churn_%
0,2880,26.006944444444446
1,2691,11.668524712002974
2,1775,19.605633802816904
3,2654,23.587038432554635
